{
  "Klaer":{
    "Sko":{
      "Sko001":{
        "produktnavn":"Air Max 720",
        "pris":2045,
        "merkenavn":"Nike",
        "omTilbud":false,
        "tilbud":"",
        "overmateriale":["Kunststoff","Tekstil","Syntetisk materiale"],
        "farge":["Deep Royal Blue/Hyper Jade/Black","Anthracite/Black/Metallic Silver","Black/Anthracite","Team Orange/University Gold/Black","Wheat/Black/Club Gold"],
        "stoerrelse":[39,40,41,42,43,44,45,46,47],
        "bilde1":"Sko001_1.jpg",
        "bilde2":"Sko001_2.jpg",
        "bilde3":"Sko001_3.jpg",
        "linkZalando":"https://www.zalando.no/nike-sportswear-air-max-720-joggesko-ni112o05t-k11.html"
      },
      "Sko002":{
        "produktnavn":"Air Force 1 '07",
        "pris":1095,
        "merkenavn":"Nike",
        "omTilbud":false,
        "tilbud":"",
        "overmateriale":["Lær","Tekstil","Syntetisk materiale"],
        "farge":["White","Black"],
        "stoerrelse":[39,40,41,42,43,44,45,46],
        "bilde1":"Sko002_1.jpg",
        "bilde2":"Sko002_2.jpg",
        "bilde3":"Sko002_3.jpg",
        "linkZalando":"https://www.zalando.no/nike-sportswear-air-force-1-07-sneakers-lav-hvit-ni112b02w-002.html"
      },
      "Sko003":{
        "produktnavn":"Zoom 2K",
        "pris":999,
        "merkenavn":"Nike",
        "omTilbud":false,
        "tilbud":"",
        "overmateriale":["Lær","Tekstil","Syntetisk materiale"],
        "farge":["White/Infrared 23/Wolf Grey/Black","Black/Anthracite","Deep Royal Blue/Orange Peel/White","Offwhite/Obsidian/University Red","Sail/White/Black","White/Black"],
        "stoerrelse":[40,41,42,43,44,45,46,47],
        "bilde1":"Sko003_1.jpg",
        "bilde2":"Sko003_2.jpg",
        "bilde3":"Sko003_3.jpg",
        "linkZalando":"https://www.zalando.no/nike-sportswear-zoom-2k-joggesko-ni112o05m-a13.html"
      },
      "Sko004":{
        "produktnavn":"Reynold",
        "pris":1295,
        "merkenavn":"Polo Ralph Lauren",
        "omTilbud":false,
        "tilbud":"",
        "overmateriale":["Suede","Lær","Tekstil","Syntetisk materiale"],
        "farge":["Navy","Snuff"],
        "stoerrelse":[40,41,42,43,44,45,46],
        "bilde1":"Sko004_1.jpg",
        "bilde2":"Sko004_2.jpg",
        "bilde3":"Sko004_3.jpg",
        "linkZalando":"https://www.zalando.no/polo-ralph-lauren-reynold-mokkasiner-po212c01h-k11.html"
      },
      "Sko005":{
        "produktnavn":"NMD_R1",
        "pris":1445,
        "merkenavn":"Adidas",
        "omTilbud":true,
        "tilbud":0.10,
        "overmateriale":["Kunststoff","Tekstil","Syntetisk materiale"],
        "farge":["Grey Four/Shock Red","Trace Cargo/Solar Yellow"],
        "stoerrelse":[36,37,38,39,40,41,42,43,44,45,46,47,48],
        "bilde1":"Sko005_1.jpg",
        "bilde2":"Sko005_2.jpg",
        "bilde3":"Sko005_3.jpg",
        "linkZalando":"https://www.zalando.no/adidas-originals-nmd_r1-joggesko-grey-fourshock-red-ad115o09j-n11.html"
      },
      "Sko006":{
        "produktnavn":"Classic",
        "pris":399,
        "merkenavn":"Crocs",
        "omTilbud":false,
        "tilbud":"",
        "overmateriale":["Syntetisk materiale","Kunststoff","Plastikk"],
        "farge":["Navy","Army Green","Blue Jeans","Chocolate","Evergreen","Garnet","Grass Green","Khaki","Schwarz","Slate Grey","White"],
        "stoerrelse":[36,37,38,39,40,41,42,43,44,45,46,47,48,49,50,51,52,53],
        "bilde1":"Sko006_1.jpg",
        "bilde2":"Sko006_2.jpg",
        "bilde3":"Sko006_3.jpg",
        "linkZalando":"https://www.zalando.no/crocs-classic-slip-ins-bla-cr411b005-502.html"
      }
    },
    "Bukser":{
      "Bukse001":{
        "produktnavn":"Regular Schino",
        "pris":979,
        "merkenavn":"Hugo Boss",
        "omTilbud":false,
        "tilbud":"",
        "overmateriale":["Bomull","Elastan"],
        "farge":["Dark Blue","Anthracite","Black","Brown","Dark Grey","Dark Red","Light Pastel/Brown","Open White"],
        "stoerrelse":["XS","S","M","L","XL"],
        "bilde1":"Bukse001_1.jpg",
        "bilde2":"Bukse001_2.jpg",
        "bilde3":"Bukse001_3.jpg",
        "linkZalando":"https://www.zalando.no/boss-orange-chinos-dark-blue-bo122e028-k11.html"
      },
      "Bukse002":{
        "produktnavn":"Slim Ferry",
        "pris":979,
        "merkenavn":"Tommy Hilfiger",
        "omTilbud":false,
        "tilbud":"",
        "overmateriale":["Bomull"],
        "farge":["Beige","Navy Blazer"],
        "stoerrelse":["XS","S","M","L","XL"],
        "bilde1":"Bukse002_1.jpg",
        "bilde2":"Bukse002_2.jpg",
        "bilde3":"Bukse002_3.jpg",
        "linkZalando":"https://www.zalando.no/tommy-jeans-slim-ferry-chinos-beige-tob22e009-b11.html"
      },
      "Bukse003":{
        "produktnavn":"Todman",
        "pris":1495,
        "merkenavn":"Tiger of Sweden",
        "omTilbud":false,
        "tilbud":"",
        "overmateriale":["Bomull","Elastan"],
        "farge":["Anthracite","Dark Green","Navy"],
        "stoerrelse":["XS","S","M","L","XL"],
        "bilde1":"Bukse003_1.jpg",
        "bilde2":"Bukse003_2.jpg",
        "bilde3":"Bukse003_3.jpg",
        "linkZalando":"https://www.zalando.no/boss-casual-schino-chinos-anthracite-bo122e028-q13.html"
      },
      "Bukse004":{
        "produktnavn":"Slim Schino",
        "pris":949,
        "tilbud":"",
        "merkenavn":"Hugo Boss",
        "omTilbud":false,
        "overmateriale":["Bomull","Elastan"],
        "farge":["Light/Pastel Blue","Beige","Black","Dark Blue","Dark Grey","Green","Open Beige","Open Blue"],
        "stoerrelse":["XS","S","M","L","XL"],
        "bilde1":"Bukse004_1.jpg",
        "bilde2":"Bukse004_2.jpg",
        "bilde3":"Bukse004_3.jpg",
        "linkZalando":"https://www.zalando.no/boss-casual-bukse-lightpastel-blue-bo122e027-k14.html"
      },
      "Bukse005":{
        "produktnavn":"Regular Style Schino",
        "pris":949,
        "merkenavn":"Hugo Boss",
        "omTilbud":false,
        "tilbud":"",
        "overmateriale":["Bomull","Elastan"],
        "farge":["Pastel Purple","Blau","Blue","Dark Green","Khaki","Open Beige"],
        "stoerrelse":["XS","S","M","L","XL"],
        "bilde1":"Bukse005_1.jpg",
        "bilde2":"Bukse005_2.jpg",
        "bilde3":"Bukse005_3.jpg",
        "linkZalando":"https://www.zalando.no/boss-casual-schino-bukser-bo122e01t-k15.html"
      },
      "Bukse006":{
        "produktnavn":"Jacquard Seersucker",
        "pris":1745,
        "merkenavn":"Emporio Armani",
        "omTilbud":false,
        "tilbud":"",
        "overmateriale":["Bomull","Elastan"],
        "farge":["Black","Dark Blue","Grey"],
        "stoerrelse":["XS","S","M","L","XL"],
        "bilde1":"Bukse006_1.jpg",
        "bilde2":"Bukse006_2.jpg",
        "bilde3":"Bukse006_3.jpg",
        "linkZalando":"https://www.zalando.no/emporio-armani-chinos-black-ea822e00i-q11.html"
      }
    },
    "Gensere":{
      "Genser001":{
        "produktnavn":"Print Logo Fullzip Sitebuster",
        "pris":829,
        "merkenavn":"Abercrombie & Fitch",
        "omTilbud":true,
        "tilbud":0.10,
        "overmateriale":["Bomull","Polyester"],
        "farge":["White","Black"],
        "stoerrelse":["S","M","L","XL","XXL"],
        "bilde1":"Genser001_1.jpg",
        "bilde2":"Genser001_2.jpg",
        "bilde3":"Genser001_3.jpg",
        "linkZalando":"https://www.zalando.no/abercrombie-and-fitch-print-logo-fullzip-sitebuster-treningsjakke-white-a0f22s01o-a11.html"
      },
      "Genser002":{
        "produktnavn":"Hibiscus Zip",
        "pris":1845,
        "merkenavn":"Versace",
        "omTilbud":false,
        "tilbud":"",
        "overmateriale":["Bomull"],
        "farge":["Black","Dark Blue"],
        "stoerrelse":["S","M","L","XL","XXL","3XL"],
        "bilde1":"Genser002_1.jpg",
        "bilde2":"Genser002_2.jpg",
        "bilde3":"Genser002_3.jpg",
        "linkZalando":"https://www.zalando.no/versace-jeans-hettejakke-black-1vj22s02k-q11.html"
      },
      "Genser003":{
        "produktnavn":"Icon",
        "pris":1195,
        "merkenavn":"Gant",
        "omTilbud":true,
        "tilbud":0.30,
        "overmateriale":["Bomull","Polyester"],
        "farge":["Eggshell","Black","Light Grey Melange"],
        "stoerrelse":["XS","S","M","L","XL"],
        "bilde1":"Genser003_1.jpg",
        "bilde2":"Genser003_2.jpg",
        "bilde3":"Genser003_3.jpg",
        "linkZalando":"https://www.zalando.no/gant-icon-hoodie-genser-ga322s024-q11.html"
      },
      "Genser004":{
        "produktnavn":"French Hoodie",
        "pris":799,
        "merkenavn":"Les Deux",
        "omTilbud":true,
        "tilbud":0.15,
        "overmateriale":["Bomull","Polyester"],
        "farge":["Navy","Black","Rose","Snow Melange"],
        "stoerrelse":["S","M","L","XL","XXL"],
        "bilde1":"Genser004_1.jpg",
        "bilde2":"Genser004_2.jpg",
        "bilde3":"Genser004_3.jpg",
        "linkZalando":"https://www.zalando.no/les-deux-french-hoodie-genser-lep22s004-k11.html"
      },
      "Genser005":{
        "produktnavn":"Cableknit Knitwear",
        "pris":1495,
        "merkenavn":"Polo Ralph Lauren",
        "omTilbud":true,
        "tilbud":0.30,
        "overmateriale":["Bomull"],
        "farge":["Hunter Navy","Andover Heather","Black/Grey","Black/Red","Brown","Dark Blue/Red","Deep Blue Heather","Fawn Grey Heather","Martin Red","White"],
        "stoerrelse":["S","M","XL","XXL"],
        "bilde1":"Genser005_1.jpg",
        "bilde2":"Genser005_2.jpg",
        "bilde3":"Genser005_3.jpg",
        "linkZalando":"https://www.zalando.no/polo-ralph-lauren-jumper-hunter-navy-po222s036-k11.html"
      },
      "Genser006":{
        "produktnavn":"Luxury Jersey Pullover",
        "pris":1595,
        "merkenavn":"Polo Ralph Lauren",
        "omTilbud":false,
        "tilbud":"",
        "overmateriale":["Bomull"],
        "farge":["Andover Heather","Fawn Grey Heather","Navy Heather","Oatmeal Heather","Scotch Pine Heath"],
        "stoerrelse":["S","M","L","XL","XXL"],
        "bilde1":"Genser006_1.jpg",
        "bilde2":"Genser006_2.jpg",
        "bilde3":"Genser006_3.jpg",
        "linkZalando":"https://www.zalando.no/polo-ralph-lauren-sweatshirt-andover-heather-po222s03j-c12.html"
      }
    },
    "Tskjorter":{
      "Tskjorte001":{
        "produktnavn":"Slim Fit Polo Bear",
        "pris":699,
        "merkenavn":"Polo Ralph Lauren",
        "omTilbud":false,
        "tilbud":"",
        "overmateriale":["Bomull"],
        "farge":["White","Cruise Navy"],
        "stoerrelse":["S","M","L","XL"],
        "bilde1":"Tskjorte001_1.jpg",
        "bilde2":"Tskjorte001_2.jpg",
        "bilde3":"Tskjorte001_3.jpg",
        "linkZalando":"https://www.zalando.no/polo-ralph-lauren-t-shirts-med-print-white-po222o065-a11.html"
      },
      "Tskjorte002":{
        "produktnavn":"Basic Polo V-Neck",
        "pris":1345,
        "merkenavn":"Polo Ralph Lauren",
        "omTilbud":false,
        "tilbud":"",
        "overmateriale":["Bomull"],
        "farge":["Black","Grey","Newport Navy","Red","White"],
        "stoerrelse":["S","M","L","XL"],
        "bilde1":"Tskjorte002_1.jpg",
        "bilde2":"Tskjorte002_2.jpg",
        "bilde3":"Tskjorte002_3.jpg",
        "linkZalando":"https://www.zalando.no/polo-ralph-lauren-basic-slim-fit-poloskjorter-po222p0a4-q11.html"
      },
      "Tskjorte003":{
        "produktnavn":"Borgonuovo",
        "pris":499,
        "merkenavn":"Emporio Armani",
        "omTilbud":false,
        "tilbud":"",
        "overmateriale":["Bomull"],
        "farge":["Black"],
        "stoerrelse":["XS","S","M","L","XL","XXL"],
        "bilde1":"Tskjorte003_1.jpg",
        "bilde2":"Tskjorte003_2.jpg",
        "bilde3":"Tskjorte003_3.jpg",
        "linkZalando":"https://www.zalando.no/armani-exchange-t-shirts-med-print-black-arc22o01t-q11.html"
      },
      "Tskjorte004":{
        "produktnavn":"Core Institutional Logo Tee",
        "pris":299,
        "merkenavn":"Calvin Klein",
        "omTilbud":false,
        "tilbud":"",
        "overmateriale":["Bomull"],
        "farge":["Bright White","CK Black","Grey Heather","Night Sky"],
        "stoerrelse":["XS","S","M","L","XL","XXL"],
        "bilde1":"Tskjorte004_1.jpg",
        "bilde2":"Tskjorte004_2.jpg",
        "bilde3":"Tskjorte004_3.jpg",
        "linkZalando":"https://www.zalando.no/calvin-klein-jeans-core-institutional-logo-slim-tee-t-shirts-med-print-c1822o04j-a11.html"
      },
      "Tskjorte005":{
        "produktnavn":"Dolive",
        "pris":379,
        "merkenavn":"Hugo Boss",
        "omTilbud":false,
        "tilbud":"",
        "overmateriale":["Bomull"],
        "farge":["Open White","Black/White","Black/Red","Navy","Open Grey","Red","White"],
        "stoerrelse":["S","M","L","XL","XXL"],
        "bilde1":"Tskjorte005_1.jpg",
        "bilde2":"Tskjorte005_2.jpg",
        "bilde3":"Tskjorte005_3.jpg",
        "linkZalando":"https://www.zalando.no/hugo-dolive-t-shirts-med-print-hu722o02x-a12.html"
      },
      "Tskjorte006":{
        "produktnavn":"Basic Tee",
        "pris":299,
        "merkenavn":"Alpha Industries",
        "omTilbud":true,
        "tilbud":0.15,
        "overmateriale":["Bomull"],
        "farge":["New Navy","Alpha Orange","Anthrazit","Black Copper","Black/Blue","Burgundy","Dark Green","Dark Oliv","Deep Maroon","Grey Heather","Grey Heather/White","Grey/Black","Lapies Blue/Flame Orange","Navy","Olive","Petrol","Rep Blue","Schwarz","Silver/Pink","Weiss"],
        "stoerrelse":["XS","S","M","L","XL","XXL","3XL"],
        "bilde1":"Tskjorte006_1.jpg",
        "bilde2":"Tskjorte006_2.jpg",
        "bilde3":"Tskjorte006_3.jpg",
        "linkZalando":"https://www.zalando.no/alpha-industries-basic-t-shirts-med-print-al522f00c-k14.html"
      }
    },
    "Tilbehør":{
      "Tilbehoer001":{
        "produktnavn":"Ledbury Holdall",
        "pris":1995,
        "merkenavn":"Hackett London",
        "omTilbud":false,
        "tilbud":"",
        "overmateriale":["Tekstil"],
        "farge":["Navy/Chalk","Dark Green","Fawn Green"],
        "stoerrelse":["Onesize"],
        "bilde1":"Tilbehoer001_1.jpg",
        "bilde2":"Tilbehoer001_2.jpg",
        "bilde3":"Tilbehoer001_3.jpg",
        "linkZalando":"https://www.zalando.no/hackett-london-ledbury-holdall-reiseveske-ht652h01d-k11.html"
      },
      "Tilbehoer002":{
        "produktnavn":"Polo Cap",
        "pris":399,
        "merkenavn":"Polo Ralph Lauren",
        "omTilbud":false,
        "tilbud":"",
        "overmateriale":["Bomull"],
        "farge":["Black","Boating Khaki","Combat Grey","Fall Yellow","Hammond Blue","Sailing Orange","Supply Olive","Taylor Rose","White","White/Multicoloured"],
        "stoerrelse":["Onesize"],
        "bilde1":"Tilbehoer002_1.jpg",
        "bilde2":"Tilbehoer002_2.jpg",
        "bilde3":"Tilbehoer002_3.jpg",
        "linkZalando":"https://www.zalando.no/polo-ralph-lauren-classic-sprint-cap-po252p003-q12.html"
      },
      "Tilbehoer003":{
        "produktnavn":"Elevated Backpack Novelty",
        "pris":1395,
        "merkenavn":"Tommy Hilfiger",
        "omTilbud":false,
        "tilbud":"",
        "overmateriale":["Polyuretan","Tekstil","Imitert skinn"],
        "farge":["Black"],
        "stoerrelse":["Onesize"],
        "bilde1":"Tilbehoer003_1.jpg",
        "bilde2":"Tilbehoer003_2.jpg",
        "bilde3":"Tilbehoer003_3.jpg",
        "linkZalando":"https://www.zalando.no/tommy-hilfiger-elevated-backpack-novelty-ryggsekk-black-to152n019-q11.html"
      },
      "Tilbehoer004":{
        "produktnavn":"Undertone Bucket Hat",
        "pris":349,
        "merkenavn":"Vans",
        "omTilbud":false,
        "tilbud":"",
        "overmateriale":["Bomull"],
        "farge":["Oil Green","Black/White"],
        "stoerrelse":["S","M","L","XL"],
        "bilde1":"Tilbehoer004_1.jpg",
        "bilde2":"Tilbehoer004_2.jpg",
        "bilde3":"Tilbehoer004_3.jpg",
        "linkZalando":"https://www.zalando.no/vans-undertone-hatt-va252b00c-m11.html"
      },
      "Tilbehoer005":{
        "produktnavn":"Park Hill",
        "pris":1095,
        "merkenavn":"Gant",
        "omTilbud":false,
        "tilbud":"",
        "overmateriale":["Rustfritt stål","Skinn"],
        "farge":["Black/Blue","Black/Grey","Black/Silver","Brown/Gold"],
        "stoerrelse":["Onesize"],
        "bilde1":"Tilbehoer005_1.jpg",
        "bilde2":"Tilbehoer005_2.jpg",
        "bilde3":"Tilbehoer005_3.jpg",
        "linkZalando":"https://www.zalando.no/gant-park-hill-klokke-ga352m00s-q13.html"
      },
      "Tilbehoer006":{
        "produktnavn":"Shades",
        "pris":129,
        "merkenavn":"Yourturn",
        "omTilbud":false,
        "tilbud":"",
        "overmateriale":["Plastikk"],
        "farge":["Brown","Black/Silver","Black/Black","Black/Green"],
        "stoerrelse":["Onesize"],
        "bilde1":"Tilbehoer006_1.jpg",
        "bilde2":"Tilbehoer006_2.jpg",
        "bilde3":"Tilbehoer006_3.jpg",
        "linkZalando":"https://www.zalando.no/yourturn-solbriller-brown-yo152ea0b-o11.html"
      }
    },
    "Skjorter":{
      "Skjorte001":{
        "produktnavn":"Filbrodie Extra Slim Fit",
        "pris":879,
        "merkenavn":"Tiger of Sweden",
        "omTilbud":false,
        "tilbud":"",
        "overmateriale":["Bomull","Polyamid","Elastan"],
        "farge":["Dark Blue","Khaki","Light Blue"],
        "stoerrelse":["S","M","L","XL"],
        "bilde1":"Skjorte001_1.jpg",
        "bilde2":"Skjorte001_2.jpg",
        "bilde3":"Skjorte001_3.jpg",
        "linkZalando":"https://www.zalando.no/tiger-of-sweden-filbrodie-extra-slim-fit-finskjorte-ti522d055-k12.html"
      },
      "Skjorte002":{
        "produktnavn":"Slim Fit",
        "pris":999,
        "merkenavn":"Polo Ralph Lauren",
        "omTilbud":false,
        "tilbud":"",
        "overmateriale":["Bomull"],
        "farge":["White","Blue","White/Blue","Blue/White","Pink"],
        "stoerrelse":["S","M","L","XL"],
        "bilde1":"Skjorte002_1.jpg",
        "bilde2":"Skjorte002_2.jpg",
        "bilde3":"Skjorte002_3.jpg",
        "linkZalando":"https://www.zalando.no/polo-ralph-lauren-slim-fit-skjorter-hvit-po222f02b-002.html"
      },
      "Skjorte003":{
        "produktnavn":"Enzo Regular Fit",
        "pris":649,
        "merkenavn":"Hugo Boss",
        "omTilbud":false,
        "tilbud":"",
        "overmateriale":["Bomull"],
        "farge":["Light/Pastel Blue","Black","Open White"],
        "stoerrelse":["S","M","L","XL"],
        "bilde1":"Skjorte003_1.jpg",
        "bilde2":"Skjorte003_2.jpg",
        "bilde3":"Skjorte003_3.jpg",
        "linkZalando":"https://www.zalando.no/hugo-enzo-regular-fit-finskjorte-light-pastel-blue-hu722d04c-k11.html"
      },
      "Skjorte004":{
        "produktnavn":"The Oxford",
        "pris":879,
        "merkenavn":"Gant",
        "omTilbud":false,
        "tilbud":"",
        "overmateriale":["Bomull"],
        "farge":["Evening Blue","Capri Blue","Light Pink","White"],
        "stoerrelse":["S","M","L","XL","3XL"],
        "bilde1":"Skjorte004_1.jpg",
        "bilde2":"Skjorte004_2.jpg",
        "bilde3":"Skjorte004_3.jpg",
        "linkZalando":"https://www.zalando.no/gant-finskjorte-evening-blue-ga322d05l-k11.html"
      },
      "Skjorte005":{
        "produktnavn":"Slim Fit Dress-Shirt",
        "pris":1295,
        "merkenavn":"Eton",
        "omTilbud":false,
        "tilbud":"",
        "overmateriale":["Bomull"],
        "farge":["White","Blue"],
        "stoerrelse":["S","M","L","XL"],
        "bilde1":"Skjorte005_1.jpg",
        "bilde2":"Skjorte005_2.jpg",
        "bilde3":"Skjorte005_3.jpg",
        "linkZalando":"https://www.zalando.no/eton-slim-fit-finskjorte-et822d004-a11.html"
      },
      "Skjorte006":{
        "produktnavn":"Camicia",
        "pris":3045,
        "merkenavn":"Versace",
        "omTilbud":false,
        "tilbud":"",
        "overmateriale":["Viskose"],
        "farge":["Black"],
        "stoerrelse":["S","M","L","XL"],
        "bilde1":"Skjorte006_1.jpg",
        "bilde2":"Skjorte006_2.jpg",
        "bilde3":"Skjorte006_3.jpg",
        "linkZalando":"https://www.zalando.no/versace-collection-camicia-skjorte-black-vc122d02d-q11.html"
      }
    },
    "Jakker":{
      "Jakke001":{
        "produktnavn":"Hooded Jacket",
        "pris":2095,
        "merkenavn":"Alpha Industries",
        "omTilbud":false,
        "tilbud":"",
        "overmateriale":["Polyester"],
        "farge":["Black","Black Camo","Dark Green","Rep Blue"],
        "stoerrelse":["XS","S","M","L","XL","XXL"],
        "bilde1":"Jakke001_1.jpg",
        "bilde2":"Jakke001_2.jpg",
        "bilde3":"Jakke001_3.jpg",
        "linkZalando":"https://www.zalando.no/alpha-industries-hooded-bombejakke-al522t00t-q11.html"
      },
      "Jakke002":{
        "produktnavn":"Reversible Bomber",
        "pris":3995,
        "merkenavn":"Polo Ralph Lauren",
        "omTilbud":false,
        "tilbud":"",
        "overmateriale":["Nylon","Polyester","Bomull"],
        "farge":["Aviator Navy"],
        "stoerrelse":["M","L","XL","XXL"],
        "bilde1":"Jakke002_1.jpg",
        "bilde2":"Jakke002_2.jpg",
        "bilde3":"Jakke002_3.jpg",
        "linkZalando":"https://www.zalando.no/polo-ralph-lauren-reversible-bomber-bombejakke-aviator-navy-po222t02k-k11.html"
      },
      "Jakke003":{
        "produktnavn":"The Comfort Hampshire",
        "pris":2895,
        "merkenavn":"Gant",
        "omTilbud":false,
        "tilbud":"",
        "overmateriale":["Polyester","Bomull"],
        "farge":["Deep Lichen Green","Black"],
        "stoerrelse":["S","M","L","XL","XXL","3XL","4XL"],
        "bilde1":"Jakke003_1.jpg",
        "bilde2":"Jakke003_2.jpg",
        "bilde3":"Jakke003_3.jpg",
        "linkZalando":"https://www.zalando.no/gant-the-comfort-hampshire-bombejakke-ga322t00f-m11.html"
      },
      "Jakke004":{
        "produktnavn":"Light Weight Packable Vest",
        "pris":2595,
        "merkenavn":"Polo Ralph Lauren",
        "omTilbud":false,
        "tilbud":"",
        "overmateriale":["Nylon","Dun","Fjær","Polyester"],
        "farge":["French Navy"],
        "stoerrelse":["S","M","L","XL"],
        "bilde1":"Jakke004_1.jpg",
        "bilde2":"Jakke004_2.jpg",
        "bilde3":"Jakke004_3.jpg",
        "linkZalando":"https://www.zalando.no/polo-ralph-lauren-light-weight-packable-vest-vest-french-navy-po222t02d-k11.html"
      },
      "Jakke005":{
        "produktnavn":"Versace Bomber",
        "pris":3145,
        "merkenavn":"Versace",
        "omTilbud":false,
        "tilbud":"",
        "overmateriale":["Polyester","Polyamid"],
        "farge":["Black"],
        "stoerrelse":["S","M","L","XL","XXL"],
        "bilde1":"Jakke005_1.jpg",
        "bilde2":"Jakke005_2.jpg",
        "bilde3":"Jakke005_3.jpg",
        "linkZalando":"https://www.zalando.no/versace-jeans-bombejakke-black-1vj22t00l-q11.html"
      },
      "Jakke006":{
        "produktnavn":"Giubbotto",
        "pris":1645,
        "merkenavn":"Emporio Armani",
        "omTilbud":false,
        "tilbud":"",
        "overmateriale":["Polyester"],
        "farge":["Dark Blue"],
        "stoerrelse":["M","XL","XXL"],
        "bilde1":"Jakke006_1.jpg",
        "bilde2":"Jakke006_2.jpg",
        "bilde3":"Jakke006_3.jpg",
        "linkZalando":"https://www.zalando.no/ea7-emporio-armani-giubbotto-lett-jakke-dark-blue-ea722t00c-k11.html"
      }
    },
    "Undertøy":{
      "Undertoey001":{
        "produktnavn":"Pouch Trunks 3-Pack",
        "pris":399,
        "merkenavn":"Polo Ralph Lauren",
        "omTilbud":true,
        "tilbud":0.15,
        "overmateriale":["Bomull","Elastan"],
        "farge":["Navy","Black","Andover Heather/Black/White","Blue Tones","Dark Blue/Blue/Light Blue","Dark Blue/White/Red","White","White/Heather/Black","White/Red/Blue"],
        "stoerrelse":["S","M","L","XL","XXL"],
        "bilde1":"Undertoey001_1.jpg",
        "bilde2":"Undertoey001_2.jpg",
        "bilde3":"Undertoey001_3.jpg",
        "linkZalando":"https://www.zalando.no/polo-ralph-lauren-pouch-3-pack-underbukse-po252k006-k11.html"
      },
      "Undertoey002":{
        "produktnavn":"Trunk 3-Pack",
        "pris":399,
        "merkenavn":"Emporio Armani",
        "omTilbud":false,
        "tilbud":"",
        "overmateriale":["Bomull"],
        "farge":["Black","White/Heather Gray/Navy Blue","White/Red/Black"],
        "stoerrelse":["S","M","L","XL"],
        "bilde1":"Undertoey002_1.jpg",
        "bilde2":"Undertoey002_2.jpg",
        "bilde3":"Undertoey002_3.jpg",
        "linkZalando":"https://www.zalando.no/emporio-armani-3-pack-underbukse-ea882o007-q11.html"
      },
      "Undertoey003":{
        "produktnavn":"Underwear 3-Pack",
        "pris":399,
        "merkenavn":"Gant",
        "omTilbud":true,
        "tilbud":0.20,
        "overmateriale":["Bomull","Elastan"],
        "farge":["Weiss/Blau/Rot","Bermuda Blue","Blue","Capri Blue","Grau/Weiss/Schwarz","Navy","Orange/Hellgrün/Hellblau"],
        "stoerrelse":["S","M","L","XL","XXL"],
        "bilde1":"Undertoey003_1.jpg",
        "bilde2":"Undertoey003_2.jpg",
        "bilde3":"Undertoey003_3.jpg",
        "linkZalando":"https://www.zalando.no/gant-3-pack-underbukse-flerfarget-ga322k005-053.html"
      },
      "Undertoey004":{
        "produktnavn":"Premium Essential 3-Pack",
        "pris":449,
        "merkenavn":"Tommy Hilfiger",
        "omTilbud":true,
        "tilbud":0.15,
        "overmateriale":["Bomull","Elastan"],
        "farge":["Peacoat","Black","Blue","Dark Blue","Dark Blue/Bordeaux","Grey","Red","White"],
        "stoerrelse":["S","M","L","XL","XXL"],
        "bilde1":"Undertoey004_1.jpg",
        "bilde2":"Undertoey004_2.jpg",
        "bilde3":"Undertoey004_3.jpg",
        "linkZalando":"https://www.zalando.no/tommy-hilfiger-premium-essential-3-pack-underbukse-to182a022-k11.html"
      },
      "Undertoey005":{
        "produktnavn":"Trunk Print 3-Pack",
        "pris":239,
        "merkenavn":"Hugo Boss",
        "omTilbud":false,
        "tilbud":"",
        "overmateriale":["Bomull","Elastan"],
        "farge":["Navy"],
        "stoerrelse":["M","L","XL","XXL"],
        "bilde1":"Undertoey005_1.jpg",
        "bilde2":"Undertoey005_2.jpg",
        "bilde3":"Undertoey005_3.jpg",
        "linkZalando":"https://www.zalando.no/boss-trunk-print-underbukse-navy-bb182o029-k11.html"
      },
      "Undertoey006":{
        "produktnavn":"Basso Intimo Uomo 2-Pack",
        "pris":879,
        "merkenavn":"Versace",
        "omTilbud":false,
        "tilbud":"",
        "overmateriale":["Bomull","Elastan"],
        "farge":["Nero/Bianco","Nero/Oro","White"],
        "stoerrelse":["S","M","L"],
        "bilde1":"Undertoey006_1.jpg",
        "bilde2":"Undertoey006_2.jpg",
        "bilde3":"Undertoey006_3.jpg",
        "linkZalando":"https://www.zalando.no/versace-parigamba-basso-2-pack-underbukse-1ve82o001-q12.html"
      }
    }
  }
}
